function_name,definition
approuver_utilisateur,"CREATE OR REPLACE FUNCTION public.approuver_utilisateur(target_user_id uuid)
 RETURNS void
 LANGUAGE plpgsql
 SECURITY DEFINER
AS $function$
DECLARE
    is_admin boolean;
BEGIN
    -- 1. On vérifie en base que la personne qui clique est bien un Directeur
    SELECT est_directeur INTO is_admin FROM public.profils WHERE user_id = auth.uid();
    
    IF is_admin = true THEN
        -- 2. Si oui, on approuve la recrue (et UNIQUEMENT ce champ)
        UPDATE public.profils SET est_approuve = true WHERE user_id = target_user_id;
    ELSE
        -- 3. Sinon, on rejette violemment la tentative de piratage
        RAISE EXCEPTION 'Alerte de Sécurité : Accès refusé. Action réservée aux Directeurs.';
    END IF;
END;
$function$
"
auth_est_directeur,"CREATE OR REPLACE FUNCTION public.auth_est_directeur()
 RETURNS boolean
 LANGUAGE sql
 SECURITY DEFINER
 SET search_path TO 'public'
AS $function$
  SELECT coalesce((SELECT est_directeur FROM profils WHERE user_id = auth.uid()), false);
$function$
"
cloturer_ordre_bgs_et_distribuer,"CREATE OR REPLACE FUNCTION public.cloturer_ordre_bgs_et_distribuer(p_ordre_id bigint)
 RETURNS void
 LANGUAGE plpgsql
 SECURITY DEFINER
AS $function$
DECLARE
    v_ordre RECORD;
    v_row RECORD;
    v_nouvelle_medaille jsonb;
    v_rang int := 1;
BEGIN
    -- 1. Vérifier que l'ordre existe et est bien ACTIF
    SELECT * INTO v_ordre FROM ordres_bgs WHERE id = p_ordre_id AND statut = 'ACTIF';
    IF NOT FOUND THEN RETURN; END IF;

    -- 2. Parcourir les joueurs ayant participé, du meilleur score au plus bas
    FOR v_row IN (
        SELECT 
            user_id,
            SUM(
                CASE 
                    WHEN type_action IN ('ECONOMIE', 'SECURITE', 'SCIENCE', 'CONTREBANDE') THEN ABS(valeur) / 2000000.0
                    WHEN ABS(valeur) > 10000 THEN ABS(valeur) / 2000000.0
                    ELSE ABS(valeur)
                END
            ) as score,
            COUNT(DISTINCT DATE(date_action)) as jours
        FROM efforts_bgs
        WHERE ordre_id = p_ordre_id
        GROUP BY user_id
        ORDER BY score DESC
    ) LOOP
        -- 3. Si le joueur a fait des points, on forge sa médaille
        IF v_row.score > 0 THEN
            v_nouvelle_medaille := jsonb_build_object(
                'ordre_id', p_ordre_id,
                'systeme', v_ordre.systeme_cible,
                'faction', v_ordre.faction_cible,
                'type_ordre', v_ordre.type_ordre,
                'score', v_row.score,
                'jours', v_row.jours,
                'rang', v_rang,
                'date_cloture', CURRENT_DATE
            );

            -- 4. On accroche la médaille sur le plastron du profil du joueur
            UPDATE profils
            SET palmares_bgs = COALESCE(palmares_bgs, '[]'::jsonb) || v_nouvelle_medaille
            WHERE user_id = v_row.user_id;

            v_rang := v_rang + 1;
        END IF;
    END LOOP;

    -- 5. Clôture de l'ordre
    UPDATE ordres_bgs SET statut = 'ARCHIVÉ' WHERE id = p_ordre_id;
END;
$function$
"
cloturer_systeme_bgs_et_distribuer,"CREATE OR REPLACE FUNCTION public.cloturer_systeme_bgs_et_distribuer(p_systeme text, p_escadron_id text)
 RETURNS void
 LANGUAGE plpgsql
 SECURITY DEFINER
AS $function$
DECLARE
    v_ordre_id bigint;
BEGIN
    FOR v_ordre_id IN (
        SELECT id FROM ordres_bgs 
        WHERE systeme_cible = p_systeme 
          AND escadron_id = p_escadron_id 
          AND statut = 'ACTIF'
    ) LOOP
        PERFORM cloturer_ordre_bgs_et_distribuer(v_ordre_id);
    END LOOP;
END;
$function$
"
get_user_id_from_key,"CREATE OR REPLACE FUNCTION public.get_user_id_from_key()
 RETURNS uuid
 LANGUAGE plpgsql
 SECURITY DEFINER
AS $function$
DECLARE
    passed_key TEXT;
    found_uid UUID;
BEGIN
    -- Lecture prioritaire du Header
    passed_key := current_setting('request.headers', true)::json->>'x-commandant-key';
    
    -- Secours via User-Agent si le pare-feu bloque le header
    IF passed_key IS NULL OR passed_key = '' OR passed_key = 'NO_KEY' THEN
        passed_key := substring(current_setting('request.headers', true)::json->>'user-agent' from 'SYS\.EDTEAM/(.+)');
    END IF;

    IF passed_key IS NULL OR passed_key = '' THEN RETURN NULL; END IF;

    SELECT user_id INTO found_uid FROM profils WHERE cle_api::text = passed_key LIMIT 1;
    RETURN found_uid;
END;
$function$
"
purger_utilisateur,"CREATE OR REPLACE FUNCTION public.purger_utilisateur(target_user_id uuid)
 RETURNS void
 LANGUAGE plpgsql
 SECURITY DEFINER
AS $function$
begin
  -- Sécurité : vérifier que l'exécuteur est bien authentifié comme Directeur
  if not exists (
    select 1 from public.profils
    where user_id = auth.uid() and est_directeur = true
  ) then
    raise exception 'Accès refusé : privilèges Directeur requis.';
  end if;

  -- 1. Nettoyage des données associées
  delete from public.parametres_app where user_id = target_user_id;
  delete from public.radar_commercial where user_id = target_user_id;
  delete from public.efforts_bgs where user_id = target_user_id;
  delete from public.profils where user_id = target_user_id;

  -- 2. Suppression définitive dans auth.users
  delete from auth.users where id = target_user_id;
end;
$function$
"
soumettre_dossier,"CREATE OR REPLACE FUNCTION public.soumettre_dossier(p_cmdr_nom text, p_escadron_id text, p_rank integer)
 RETURNS text
 LANGUAGE plpgsql
 SECURITY DEFINER
AS $function$
DECLARE
    v_amiral_approuve boolean;
    v_uid uuid;
BEGIN
    v_uid := auth.uid(); -- Le serveur trouve ton ID tout seul

    -- SÉCURITÉ : Rejet immédiat
    IF p_escadron_id IS NULL OR p_escadron_id = '' OR UPPER(p_escadron_id) = 'INDEPENDANT' THEN
        DELETE FROM public.profils WHERE user_id = v_uid;
        DELETE FROM auth.users WHERE id = v_uid;
        RETURN 'REJET_INDEPENDANT';
    END IF;

    -- LE PIONNIER : Si c'est l'Amiral (rang 0)
    IF p_rank = 0 THEN
        UPDATE public.profils
        SET cmdr_nom = UPPER(p_cmdr_nom),
            escadron_id = UPPER(p_escadron_id),
            est_amiral = true,
            est_approuve = false
        WHERE user_id = v_uid;
        RETURN 'AMIRAL_ATTENTE';
    END IF;

    -- LA TROUPE : On cherche l'amiral
    SELECT EXISTS (
        SELECT 1 FROM public.profils 
        WHERE UPPER(escadron_id) = UPPER(p_escadron_id) 
        AND est_amiral = true 
        AND est_approuve = true
    ) INTO v_amiral_approuve;

    IF v_amiral_approuve THEN
        -- Accréditation automatique !
        UPDATE public.profils
        SET cmdr_nom = UPPER(p_cmdr_nom),
            escadron_id = UPPER(p_escadron_id),
            est_approuve = true
        WHERE user_id = v_uid;
        RETURN 'PILOTE_ACCEPTE';
    ELSE
        -- Rejet et destruction
        DELETE FROM public.profils WHERE user_id = v_uid;
        DELETE FROM auth.users WHERE id = v_uid;
        RETURN 'REJET_ESCADRON_NON_ACCREDITE';
    END IF;
END;
$function$
"
soumettre_dossier,"CREATE OR REPLACE FUNCTION public.soumettre_dossier(p_user_id uuid, p_cmdr_nom text, p_escadron_id text, p_rank integer)
 RETURNS text
 LANGUAGE plpgsql
 SECURITY DEFINER
AS $function$
DECLARE
    v_amiral_approuve boolean;
    v_verif boolean;
BEGIN
    -- 1. SÉCURITÉ
    IF p_escadron_id IS NULL OR p_escadron_id = '' OR TRIM(UPPER(p_escadron_id)) = 'INDEPENDANT' THEN
        DELETE FROM public.profils WHERE user_id = p_user_id;
        DELETE FROM auth.users WHERE id = p_user_id;
        RETURN 'REJET_INDEPENDANT';
    END IF;

    -- 2. LE PIONNIER (Amiral)
    IF p_rank = 0 THEN
        INSERT INTO public.profils (user_id, cmdr_nom, escadron_id, est_amiral, est_approuve)
        VALUES (p_user_id, TRIM(UPPER(p_cmdr_nom)), TRIM(UPPER(p_escadron_id)), true, false)
        ON CONFLICT (user_id) DO UPDATE 
        SET cmdr_nom = EXCLUDED.cmdr_nom,
            escadron_id = EXCLUDED.escadron_id,
            est_amiral = true,
            est_approuve = false;
        
        RETURN 'AMIRAL_ATTENTE';
    END IF;

    -- 3. LA TROUPE
    SELECT EXISTS (
        SELECT 1 FROM public.profils 
        WHERE TRIM(UPPER(escadron_id)) = TRIM(UPPER(p_escadron_id)) 
        AND est_amiral = true 
        AND est_approuve = true
    ) INTO v_amiral_approuve;

    IF v_amiral_approuve THEN
        
        -- LE MARTEAU LOURD : UPSERT
        INSERT INTO public.profils (user_id, cmdr_nom, escadron_id, est_amiral, est_approuve)
        VALUES (p_user_id, TRIM(UPPER(p_cmdr_nom)), TRIM(UPPER(p_escadron_id)), false, true)
        ON CONFLICT (user_id) DO UPDATE 
        SET cmdr_nom = EXCLUDED.cmdr_nom,
            escadron_id = EXCLUDED.escadron_id,
            est_approuve = true;

        -- ON RELIT LA LIGNE
        SELECT est_approuve INTO v_verif FROM public.profils WHERE user_id = p_user_id;

        IF v_verif = true THEN
            RETURN 'PILOTE_ACCEPTE_ET_VERIFIE_TRUE';
        ELSE
            -- IL VA NOUS RENVOYER EXACTEMENT CE QU'IL A LU (false ou null)
            RETURN 'ERREUR_DEBUG: ' || COALESCE(v_verif::text, 'NULL');
        END IF;

    ELSE
        -- Rejet
        DELETE FROM public.profils WHERE user_id = p_user_id;
        DELETE FROM auth.users WHERE id = p_user_id;
        RETURN 'REJET_ESCADRON_NON_ACCREDITE';
    END IF;
END;
$function$
"
supprimer_mon_compte,"CREATE OR REPLACE FUNCTION public.supprimer_mon_compte()
 RETURNS void
 LANGUAGE plpgsql
 SECURITY DEFINER
AS $function$
BEGIN
  -- Cette commande supprime UNIQUEMENT la ligne correspondant au joueur qui a cliqué
  DELETE FROM auth.users WHERE id = auth.uid();
END;
$function$
"